{"cameraMode":{"drawMode":0,"name":"Shaded","section":"Shading Mode"},"sceneLighting":true,"audioPlay":false,"sceneViewState":{"showFog":true,"showMaterialUpdate":false,"showSkybox":true,"showFlares":true,"showImageEffects":true,"showParticleSystems":true},"in2DMode":false,"pivot":{"x":0.277862548828125,"y":-0.842249870300293,"z":10.099342346191407},"rotation":{"x":-0.19112323224544526,"y":-0.006776082329452038,"z":0.0013172718463465572,"w":-0.9815501570701599},"size":13.644174575805664,"orthographic":false}